Bin,Frecuencia (MHz),Magnitud
0,94.876,0.6112617339105423
1,94.877,1.0403341107581514
2,94.878,2.1309661023642423
3,94.879,1.5004995702227053
4,94.88,2.4730152892335444
5,94.881,1.2930260348814393
6,94.882,4.264911557834298
7,94.883,1.3514712987819208
8,94.884,3.268494358938256
9,94.885,4.349401072134263
10,94.886,1.7082818211420596
11,94.887,3.123987809687582
12,94.888,2.1582679346122418
13,94.889,3.554288394324816
14,94.89,0.7538040298083255
15,94.891,3.0825133884247644
16,94.892,4.562401488016164
17,94.893,1.798452782154533
18,94.894,0.6996258080231785
19,94.895,0.9402224812332654
20,94.896,3.6745826936943393
21,94.897,4.265027629909331
22,94.898,4.017123932815357
23,94.899,2.4076087386990332
24,94.9,5.217953892125813
25,94.901,1.708207361986546
26,94.902,4.907556204921211
27,94.903,7.602495515382139
28,94.904,1.8855120743495013
29,94.905,1.069508284395871
30,94.906,2.1923119080893825
31,94.907,1.7782942020466912
32,94.908,2.8020577146274244
33,94.909,4.513480923939474
34,94.91,3.9610897059724675
35,94.911,2.717055958639775
36,94.912,2.7961372453755575
37,94.913,3.93806561544966
38,94.914,2.800733086587754
39,94.915,2.951597083290812
40,94.916,2.3291761268435196
41,94.917,2.320162984200832
42,94.918,0.7790169067445439
43,94.919,2.87391533592658
44,94.92,1.7262539097528466
45,94.921,4.5447571817184835
46,94.922,2.5265690822917986
47,94.923,3.8976313483399863
48,94.924,3.4112074035432687
49,94.925,2.459985475136063
50,94.926,2.8985838719890666
51,94.927,1.7822950321761484
52,94.928,3.476020220189658
53,94.929,1.7021354383680354
54,94.93,2.591395321485916
55,94.931,5.813743355335463
56,94.932,0.855676878809654
57,94.933,2.6979815238140357
58,94.934,1.1930323098651214
59,94.935,3.0080422723925815
60,94.936,1.1336356189550651
61,94.937,1.3183545882177103
62,94.938,2.341644251090617
63,94.939,3.095171087806965
64,94.94,1.274438548123199
65,94.941,2.5135280207590815
66,94.942,4.837384953777733
67,94.943,2.4543889198465796
68,94.944,2.313448675999808
69,94.945,1.2449471710230269
70,94.946,3.618497899394953
71,94.947,3.077089172383455
72,94.948,0.6650119831561973
73,94.949,3.8367221511025336
74,94.95,1.4065492255776952
75,94.951,1.524301615258522
76,94.952,3.4952064619276024
77,94.953,1.4539437813642684
78,94.954,0.9650293227825253
79,94.955,0.48833247009377706
80,94.956,4.916628734978605
81,94.957,2.250580787058685
82,94.958,3.4619825683454812
83,94.959,1.9687461887791782
84,94.96,5.298692366001117
85,94.961,2.5476852495987146
86,94.962,3.2816263324161015
87,94.963,2.2293992188174485
88,94.964,3.9004880495395855
89,94.965,1.0077626511490738
90,94.966,3.9577605137941587
91,94.967,4.5680107899591205
92,94.968,3.1760899018595854
93,94.969,2.1394033682040092
94,94.97,5.552383161765779
95,94.971,5.202681524064377
96,94.972,2.978814580159324
97,94.973,5.207974933150766
98,94.974,4.582498264707019
99,94.975,2.4256877549381564
100,94.976,3.1523113537781953
101,94.977,2.120980107372732
102,94.978,4.5827391500890515
103,94.979,3.589376351635355
104,94.98,4.873707139285383
105,94.981,5.145757490445392
106,94.982,1.704680677350116
107,94.983,2.9180375948293253
108,94.984,4.041997898997504
109,94.985,4.099691205974124
110,94.986,5.441855988879962
111,94.987,1.5763252012252003
112,94.988,3.535847825380944
113,94.989,5.845052674296187
114,94.99,3.153649498492697
115,94.991,3.0733248186529853
116,94.992,3.4918313879178404
117,94.993,5.405796445944347
118,94.994,10.08093272460378
119,94.995,4.792206112630784
120,94.996,1.049200790263693
121,94.997,1.419051220626293
122,94.998,4.1212860904405755
123,94.999,0.6763104632488585
124,95.0,2.761307551106327
125,95.001,2.788687740857712
126,95.002,5.188224522542308
127,95.003,5.164430171328236
128,95.004,2.775237361588688
129,95.005,1.3128809899977616
130,95.006,4.770991194066231
131,95.007,0.811360502291204
132,95.008,8.253699711083916
133,95.009,6.447675870910803
134,95.01,6.02707843131888
135,95.011,2.2136910814574495
136,95.012,3.3359956056162035
137,95.013,5.746625050146326
138,95.014,7.049578545947924
139,95.015,6.86318015334565
140,95.016,2.8603988787123953
141,95.017,3.4672298225903107
142,95.018,6.695626612608013
143,95.019,4.534334039210966
144,95.02,4.515031474773959
145,95.021,7.399198782821561
146,95.022,8.236476087879009
147,95.023,7.034910870736099
148,95.024,7.1858269914644355
149,95.025,7.44000740283845
150,95.026,3.7528764735630595
151,95.027,5.814075022509847
152,95.028,7.0375792258905525
153,95.029,7.600504463593319
154,95.03,7.242324737901107
155,95.031,5.625789765726398
156,95.032,6.433792261304485
157,95.033,4.042127859441139
158,95.034,5.426709401326417
159,95.035,3.8315464227437275
160,95.036,7.730274924333257
161,95.037,8.031367018809213
162,95.038,5.17046444514887
163,95.039,7.690731323983273
164,95.04,2.916844883757194
165,95.041,8.089155568348746
166,95.042,8.795746809838185
167,95.043,9.835832492302545
168,95.044,2.5045725368172826
169,95.045,11.102623187835283
170,95.046,33.057085082030454
171,95.047,13.710769632378199
172,95.048,13.83811006759118
173,95.049,10.995466879600345
174,95.05,3.94511046684982
175,95.051,2.5643425412997893
176,95.052,7.37573768153965
177,95.053,13.461667642805175
178,95.054,10.465915564061193
179,95.055,20.30615025447845
180,95.056,19.136531902165252
181,95.057,15.164826489976736
182,95.058,21.341586038748634
183,95.059,12.50311098997229
184,95.06,2.2202327561394726
185,95.061,34.8682334306335
186,95.062,25.14823560181782
187,95.063,24.139355133061926
188,95.064,48.99523777677475
189,95.065,156.08793508181142
190,95.066,57.215047890675876
191,95.067,80.31054764359489
192,95.068,41.94202453101068
193,95.069,23.011176863606043
194,95.07,18.767746150593517
195,95.071,6.066890823086966
196,95.072,19.574907462369058
197,95.073,13.617204280295526
198,95.074,16.386235342514574
199,95.075,16.023631132971676
200,95.076,14.418423010843487
201,95.077,23.474947865852293
202,95.078,31.749224743003506
203,95.079,19.055329888277637
204,95.08,18.39901342846384
205,95.081,37.307509723282955
206,95.082,26.025265594545413
207,95.083,8.196716539064624
208,95.084,36.9461838178761
209,95.085,13.590944700287688
210,95.086,28.248039702190336
211,95.087,5.58623784100189
212,95.088,5.082525170058769
213,95.089,12.033330024829826
214,95.09,16.082861273561544
215,95.091,12.575894594534205
216,95.092,18.50269202655585
217,95.093,3.4637385898269364
218,95.094,8.862871723755976
219,95.095,25.385538453762216
220,95.096,22.205488557541813
221,95.097,12.520724598172562
222,95.098,13.932697570255824
223,95.099,6.719720581331024
224,95.1,24.390363117939142
225,95.101,14.549825390002043
226,95.102,11.510511736745059
227,95.103,17.6204343171605
228,95.104,16.890835454571544
229,95.105,9.180745915417285
230,95.106,10.824158091752798
231,95.107,2.2935270412293765
232,95.108,9.188365516649885
233,95.109,11.136225425271268
234,95.11,11.0334035919048
235,95.111,11.654774522058545
236,95.112,24.491905600555704
237,95.113,9.649964977785432
238,95.114,6.974903557758647
239,95.115,21.822082528345916
240,95.116,23.31527830579099
241,95.117,6.690378666202983
242,95.118,10.907847147067434
243,95.119,15.747637363925179
244,95.12,13.500847663830172
245,95.121,6.878811115540562
246,95.122,6.529710082371866
247,95.123,9.202348713170448
248,95.124,13.946041588996296
249,95.125,14.145519061601554
250,95.126,14.829292531364137
251,95.127,17.533206448882844
252,95.128,7.428653572336292
253,95.129,3.8628993972224825
254,95.13,6.927779247395817
255,95.131,14.727429359833467
256,95.132,32.544993863200396
257,95.133,11.415680311483897
258,95.134,2.1883594293443633
259,95.135,5.990771693999999
260,95.136,6.439556982130238
261,95.137,9.985475318696164
262,95.138,6.542824043992395
263,95.139,3.4558158267887014
264,95.14,4.377397876153836
265,95.141,9.522423463489318
266,95.142,7.602240519081541
267,95.143,12.580508250834155
268,95.144,6.407484617902016
269,95.145,7.353999787749728
270,95.146,4.70852831177164
271,95.147,30.942196936464736
272,95.148,6.592693867281538
273,95.149,5.27910793160717
274,95.15,6.288661332816492
275,95.151,5.106360252939352
276,95.152,3.608842466408968
277,95.153,11.229621005264566
278,95.154,4.117177412993742
279,95.155,6.601017157528351
280,95.156,4.857751215639631
281,95.157,3.2289211997843115
282,95.158,2.5823172347429275
283,95.159,2.2574241167713494
284,95.16,7.3563668938581666
285,95.161,6.264686465708141
286,95.162,4.885862087483243
287,95.163,7.898051756777242
288,95.164,7.742547747489405
289,95.165,4.4374721850995895
290,95.166,3.450888823133945
291,95.167,6.814352415512675
292,95.168,7.911029536123598
293,95.169,3.5721236248944486
294,95.17,6.746443636887572
295,95.171,2.6512402631513954
296,95.172,5.012014470237449
297,95.173,4.844214771803519
298,95.174,1.1555294552894357
299,95.175,9.884607353164702
300,95.176,4.52248045496044
301,95.177,12.368913873306532
302,95.178,7.21544143827006
303,95.179,5.9463696365070655
304,95.18,9.226111524140194
305,95.181,3.112981039367644
306,95.182,6.486506151052646
307,95.183,7.655610331858042
308,95.184,4.432620539788331
309,95.185,8.23712160915066
310,95.186,4.5573313948792595
311,95.187,4.246427959525294
312,95.188,6.669842734208488
313,95.189,5.27754611646153
314,95.19,1.2878202688601499
315,95.191,1.818601169987878
316,95.192,9.307428376818164
317,95.193,5.149578657791289
318,95.194,4.521615222241503
319,95.195,7.729675582436535
320,95.196,3.575643207342586
321,95.197,2.241280284640575
322,95.198,5.588542737335371
323,95.199,4.736140593465675
324,95.2,2.3299997997393307
325,95.201,3.446064262815017
326,95.202,2.408058916199085
327,95.203,4.265627669709081
328,95.204,11.565025126739846
329,95.205,2.2223658909691646
330,95.206,9.361568840719878
331,95.207,4.907964373754168
332,95.208,26.16464309139103
333,95.209,1.9823903236421996
334,95.21,2.0820537381654294
335,95.211,1.1948306105379587
336,95.212,4.39477555410098
337,95.213,5.736213231481213
338,95.214,4.749034935290061
339,95.215,4.660253000111268
340,95.216,2.9081252826196535
341,95.217,3.124887943287852
342,95.218,4.041559372913772
343,95.219,8.166917406239218
344,95.22,3.790434121918024
345,95.221,5.864059709741448
346,95.222,5.745993169228576
347,95.223,6.742815565684563
348,95.224,1.6887175439411592
349,95.225,8.81259847713997
350,95.226,6.209442393334873
351,95.227,3.3555531267111127
352,95.228,2.459197194976117
353,95.229,4.098267490589799
354,95.23,8.316778498292228
355,95.231,0.3580095900435474
356,95.232,2.6763207911998443
357,95.233,3.5382471558836177
358,95.234,6.57956023043348
359,95.235,5.7603114931969115
360,95.236,6.588740386031557
361,95.237,16.2515739561254
362,95.238,15.41423541502349
363,95.239,9.258596822477688
364,95.24,8.745986856446983
365,95.241,7.608762616942554
366,95.242,14.665385713185024
367,95.243,3.6224918304730176
368,95.244,1.8209946813472357
369,95.245,1.0545497411227236
370,95.246,10.195712504346876
371,95.247,5.964618067306887
372,95.248,5.916605574150027
373,95.249,1.39765799949149
374,95.25,5.906023821743
375,95.251,5.79275998983079
376,95.252,4.552545052669163
377,95.253,4.620803298701133
378,95.254,5.046546840374235
379,95.255,3.254461149828576
380,95.256,10.454548590930628
381,95.257,4.624328235923053
382,95.258,4.158142486995515
383,95.259,5.061401636793975
384,95.26,3.759925742923209
385,95.261,3.9634594413089603
386,95.262,4.980109294777616
387,95.263,4.713143587230235
388,95.264,5.123652329555742
389,95.265,0.4552425565496023
390,95.266,3.967613779773001
391,95.267,6.66376919034608
392,95.268,0.9005450213818874
393,95.269,6.664740636222257
394,95.27,4.45958459734413
395,95.271,2.0771278579829797
396,95.272,3.4731077079242203
397,95.273,1.5856080703825444
398,95.274,3.7144529787561895
399,95.275,6.49641424781791
400,95.276,3.0836715478960075
401,95.277,2.91497352140516
402,95.278,7.021416691616548
403,95.279,4.418892427022987
404,95.28,4.132481297161873
405,95.281,4.002104417315763
406,95.282,0.9406481824490198
407,95.283,2.5551141773809682
408,95.284,5.578547015176363
409,95.285,3.3294540564098813
410,95.286,8.542155900918578
411,95.287,4.538390927839112
412,95.288,4.807316316497739
413,95.289,3.397536202003719
414,95.29,4.1737240434345155
415,95.291,5.421750033269624
416,95.292,1.7247970662274021
417,95.293,2.4974123095402083
418,95.294,5.702280017779018
419,95.295,5.960210343077084
420,95.296,2.475429712851941
421,95.297,6.308139829240073
422,95.298,9.593589814321383
423,95.299,16.471755305368635
424,95.3,12.88931140977116
425,95.301,3.426470015587472
426,95.302,5.069572241057309
427,95.303,9.773479420652809
428,95.304,12.456370503802148
429,95.305,4.204527173641824
430,95.306,2.8002478289903356
431,95.307,6.171097173228452
432,95.308,1.9127699776972238
433,95.309,0.5059962060528495
434,95.31,6.734958446515966
435,95.311,4.765602851006084
436,95.312,3.7288319270650914
437,95.313,4.627865693899334
438,95.314,5.5061495297313225
439,95.315,8.904330020198694
440,95.316,5.7696568508065535
441,95.317,2.906855832042542
442,95.318,6.339498155429903
443,95.319,2.036605602666629
444,95.32,6.92928613772561
445,95.321,4.211923601534745
446,95.322,5.747180363287122
447,95.323,2.131056389347374
448,95.324,2.793163424693227
449,95.325,4.981196996211226
450,95.326,0.4828252660934257
451,95.327,4.652210899098583
452,95.328,4.723915554879332
453,95.329,10.151329676210295
454,95.33,26.36146413458717
455,95.331,3.936873125177503
456,95.332,6.402030413941723
457,95.333,8.23614040306469
458,95.334,2.3165644397794707
459,95.335,0.946558581346783
460,95.336,0.47221037771498625
461,95.337,3.4126531658978654
462,95.338,7.950522534002484
463,95.339,4.99483838609373
464,95.34,6.0566897230552454
465,95.341,0.9101851623305933
466,95.342,8.757190702063072
467,95.343,4.467478995029303
468,95.344,10.830349090377348
469,95.345,3.337308632304187
470,95.346,3.5382998338265206
471,95.347,7.484062672292971
472,95.348,6.990857561360045
473,95.349,5.187534132289027
474,95.35,1.2581979024501142
475,95.351,3.54981680421302
476,95.352,2.3146092876182345
477,95.353,1.410552924258296
478,95.354,5.626580163342717
479,95.355,6.053487822881856
480,95.356,6.141360437568239
481,95.357,10.12701749992441
482,95.358,1.7161227322596517
483,95.359,9.47766541661026
484,95.36,5.979141323056934
485,95.361,9.190628295940003
486,95.362,6.7879099995010135
487,95.363,14.74141747283508
488,95.364,10.439379488650022
489,95.365,7.108173558972128
490,95.366,2.712253866341246
491,95.367,7.76459362615793
492,95.368,8.786468679460747
493,95.369,2.620818865957215
494,95.37,4.344987946470824
495,95.371,4.814342732320544
496,95.372,6.715757295952017
497,95.373,6.979826978426583
498,95.374,10.557158685788785
499,95.375,5.3217710052328195
500,95.376,17.181593472289794
501,95.377,14.701044946776463
502,95.378,1.6922039781016407
503,95.379,1.8108769376882679
504,95.38,4.34349246322008
505,95.381,1.2149127190659603
506,95.382,5.825821481790004
507,95.383,5.284376960520813
508,95.384,3.722869867332766
509,95.385,10.090892986745105
510,95.386,9.193389050179345
511,95.387,5.8453026057073085
512,95.388,6.202181159413121
513,95.389,1.684437255824975
514,95.39,2.6271363243986205
515,95.391,7.657745486733773
516,95.392,0.9486400509907315
517,95.393,3.8177761226098283
518,95.394,10.355360870466653
519,95.395,7.819255527622335
520,95.396,3.023645624449003
521,95.397,8.960315232383962
522,95.398,7.444682260159768
523,95.399,7.56907952106259
524,95.4,3.478008559985057
525,95.401,5.636371262757773
526,95.402,4.662171723979739
527,95.403,4.472426313259594
528,95.404,3.133773925927994
529,95.405,5.362311568888502
530,95.406,8.782674590542786
531,95.407,6.6671462202222465
532,95.408,2.808892396984045
533,95.409,4.355650447981699
534,95.41,3.594403721245645
535,95.411,1.5753924056442212
536,95.412,2.3237031462993647
537,95.413,8.202071951895771
538,95.414,5.742805956080826
539,95.415,8.799698258396555
540,95.416,4.639545067875215
541,95.417,3.877306395303972
542,95.418,6.2934476713575505
543,95.419,1.501905194857748
544,95.42,10.192818619591348
545,95.421,6.995802224922691
546,95.422,2.2224749997671003
547,95.423,8.310181731656593
548,95.424,4.499090637487516
549,95.425,12.977486697645272
550,95.426,5.954637764605546
551,95.427,13.538347726989597
552,95.428,10.430425551091405
553,95.429,3.414915760137705
554,95.43,3.2382732942174743
555,95.431,2.624936798958473
556,95.432,7.2456496901251315
557,95.433,8.56644947642234
558,95.434,7.377068270029347
559,95.435,11.833541982520321
560,95.436,3.6048179105576352
561,95.437,8.024074688064196
562,95.438,9.826912277988235
563,95.439,8.452483675133234
564,95.44,10.583763808433817
565,95.441,8.684717972347649
566,95.442,6.581265156188806
567,95.443,5.815169024899235
568,95.444,10.319325331914685
569,95.445,7.523625176760704
570,95.446,10.321183177046196
571,95.447,7.378317402972973
572,95.448,4.455019768557956
573,95.449,7.332379254643936
574,95.45,1.366655398014009
575,95.451,6.585776479350085
576,95.452,10.14045896821846
577,95.453,1.553172693365974
578,95.454,11.467860706855795
579,95.455,5.043003027492204
580,95.456,8.348289953946022
581,95.457,6.957047214320435
582,95.458,15.182412375905226
583,95.459,5.1512535211662565
584,95.46,3.5880395924337942
585,95.461,10.097142629212543
586,95.462,4.2860825608623205
587,95.463,7.515040042000886
588,95.464,3.7364248974086958
589,95.465,6.131623708700848
590,95.466,10.789681424711072
591,95.467,14.579857851701735
592,95.468,22.01403099283433
593,95.469,20.42969683259415
594,95.47,28.54426727631117
595,95.471,25.264781001233047
596,95.472,38.54833309248294
597,95.473,46.33403875238995
598,95.474,17.601348739082745
599,95.475,37.906453196653445
600,95.476,12.533274481241648
601,95.477,18.890536103540985
602,95.478,31.635854660931862
603,95.479,26.075837017236545
604,95.48,38.78073639478629
605,95.481,16.387065751947816
606,95.482,26.554622648473657
607,95.483,13.39869392674933
608,95.484,35.47194328534695
609,95.485,19.057481254492437
610,95.486,6.363612276722955
611,95.487,7.163470832585691
612,95.488,6.230753138774778
613,95.489,23.739755236189396
614,95.49,10.725503106939557
615,95.491,9.41269708509025
616,95.492,25.00096208305257
617,95.493,4.217563346225565
618,95.494,23.452899273160487
619,95.495,15.936327998028803
620,95.496,25.107839527783167
621,95.497,40.55937948805809
622,95.498,12.612923743656948
623,95.499,25.654176926595586
624,95.5,6.376000883494993
625,95.501,15.26159508179821
626,95.502,7.8742459856841815
627,95.503,1.4388621615822228
628,95.504,10.29526668878381
629,95.505,2.939382555037461
630,95.506,6.7832774995893415
631,95.507,7.962860732207497
632,95.508,16.76975157497991
633,95.509,16.447790069572136
634,95.51,9.272677001939151
635,95.511,15.214541935799073
636,95.512,6.68514412874115
637,95.513,22.69992667307356
638,95.514,10.823878858503571
639,95.515,5.272298926066441
640,95.516,13.013010116170838
641,95.517,3.480202352740047
642,95.518,6.211331058199627
643,95.519,14.628302007773321
644,95.52,12.43672287741137
645,95.521,10.487725048881828
646,95.522,2.575680962566858
647,95.523,3.6395132326694113
648,95.524,9.714251705879928
649,95.525,3.443609327020851
650,95.526,4.142870876566594
651,95.527,15.185681946220264
652,95.528,1.9427272840780196
653,95.529,6.8940802890523685
654,95.53,6.942224214789281
655,95.531,3.4545466082965794
656,95.532,3.975216560653721
657,95.533,2.154719987686895
658,95.534,2.7170540301731485
659,95.535,6.841637815444344
660,95.536,6.873322893152209
661,95.537,8.690011416865826
662,95.538,3.7741398622003097
663,95.539,7.4792317347497965
664,95.54,14.051214883532369
665,95.541,7.494365916118566
666,95.542,7.048067617992618
667,95.543,7.91849065975102
668,95.544,7.312264523670202
669,95.545,6.50658410939109
670,95.546,2.3751167467814955
671,95.547,3.879488478330486
672,95.548,5.403267748555942
673,95.549,2.11900057560788
674,95.55,5.341953268094394
675,95.551,4.551665562286529
676,95.552,2.12320241328127
677,95.553,9.067759725035598
678,95.554,7.546098199051893
679,95.555,3.464809600673154
680,95.556,3.3909398815814162
681,95.557,2.77424564666538
682,95.558,6.10619260173283
683,95.559,6.69238388768466
684,95.56,10.410729775607573
685,95.561,6.134144494342055
686,95.562,3.3877140385552185
687,95.563,0.6995110378011936
688,95.564,9.534564677597759
689,95.565,7.5082975958058045
690,95.566,3.815341661255355
691,95.567,0.7102049473382703
692,95.568,4.836243725274039
693,95.569,8.821089829840249
694,95.57,4.795717896090159
695,95.571,4.653828759030391
696,95.572,4.849417499593987
697,95.573,6.759804168338821
698,95.574,8.289074558946966
699,95.575,4.687074232915439
700,95.576,2.0763458217705093
701,95.577,1.2979165954430416
702,95.578,5.6309865893130935
703,95.579,5.4184391898648405
704,95.58,2.3328843202862792
705,95.581,2.666187034355839
706,95.582,3.9810475112102353
707,95.583,3.9361137944096614
708,95.584,5.135986697911756
709,95.585,2.3045299163043516
710,95.586,9.33960921528706
711,95.587,2.815670589244104
712,95.588,4.823204119035786
713,95.589,2.0466116487437147
714,95.59,4.086138018535196
715,95.591,2.4681818733559338
716,95.592,1.8373976128420937
717,95.593,1.575687836017133
718,95.594,6.725304934560788
719,95.595,5.904022280285554
720,95.596,9.400380445629786
721,95.597,4.28435714431122
722,95.598,6.915147376322538
723,95.599,12.064245552189655
724,95.6,4.28760481395828
725,95.601,8.40433055259657
726,95.602,9.11627905982913
727,95.603,6.428069628871775
728,95.604,5.838350324658646
729,95.605,7.403673051644483
730,95.606,6.446191259837358
731,95.607,9.896216126970417
732,95.608,4.160438945108664
733,95.609,1.4783733297986024
734,95.61,2.9678972030094317
735,95.611,6.3516806539947215
736,95.612,6.327010701224533
737,95.613,3.7950037141811155
738,95.614,5.144739804980346
739,95.615,2.404377049525901
740,95.616,6.534022482125578
741,95.617,2.7884228833034514
742,95.618,2.4101187682806926
743,95.619,7.705780736748338
744,95.62,7.7399251924315715
745,95.621,7.508289302236853
746,95.622,5.938646507884615
747,95.623,8.397701394005425
748,95.624,2.490501248816772
749,95.625,2.5299361233484947
750,95.626,2.0459749778564644
751,95.627,6.557866870429397
752,95.628,5.688376033558787
753,95.629,10.14848809415798
754,95.63,2.1387468117755986
755,95.631,4.586661580562317
756,95.632,3.2311297100335907
757,95.633,8.803934329058977
758,95.634,0.8536012776890028
759,95.635,19.86091998052943
760,95.636,10.388531493787516
761,95.637,6.525273210894261
762,95.638,3.389829913044348
763,95.639,6.61152392979123
764,95.64,8.777108474451202
765,95.641,4.106718986809714
766,95.642,5.683815116553453
767,95.643,5.035261175360271
768,95.644,5.820589354510222
769,95.645,4.237417957035234
770,95.646,7.533471250953215
771,95.647,5.260906610154576
772,95.648,4.88397078681846
773,95.649,0.5284947257321735
774,95.65,6.087591480530353
775,95.651,5.884566025864995
776,95.652,4.947465600454703
777,95.653,3.252599480588519
778,95.654,4.970957647930397
779,95.655,2.168996084721783
780,95.656,4.261420779343709
781,95.657,12.87101358685236
782,95.658,1.7775826406986137
783,95.659,8.138848262779726
784,95.66,2.4438111450294757
785,95.661,8.404750214721448
786,95.662,2.260458923651141
787,95.663,6.3710085417580355
788,95.664,6.720268190353449
789,95.665,2.047371159197101
790,95.666,4.94745463399371
791,95.667,15.385804094843808
792,95.668,11.49311440948553
793,95.669,8.029098358831515
794,95.67,4.93027982867615
795,95.671,8.902687527444328
796,95.672,2.8418969704491457
797,95.673,9.334520664271144
798,95.674,1.5489483678291103
799,95.675,4.12527562579884
800,95.676,3.5974824084746597
801,95.677,8.219078695227202
802,95.678,4.469547013497613
803,95.679,6.03959529295754
804,95.68,9.371144443085479
805,95.681,5.103260691079737
806,95.682,3.6588860257540534
807,95.683,4.390725324404208
808,95.684,5.129332713268362
809,95.685,2.021823154648044
810,95.686,3.799232093489357
811,95.687,5.2208518951629115
812,95.688,7.10529472121988
813,95.689,6.784502623074217
814,95.69,4.2095931192902345
815,95.691,10.0094589187492
816,95.692,0.6906945107840977
817,95.693,6.484099546916663
818,95.694,0.9210478628655054
819,95.695,7.009607358417613
820,95.696,10.209791774513873
821,95.697,2.5597301619001924
822,95.698,4.818311205768537
823,95.699,1.8747761104933065
824,95.7,5.312650932837978
825,95.701,12.363041343836219
826,95.702,6.149936641155773
827,95.703,2.9724425034880597
828,95.704,7.100736730546425
829,95.705,2.265676444833951
830,95.706,5.954966761278413
831,95.707,2.348441193849224
832,95.708,5.170929608195446
833,95.709,2.196403637937314
834,95.71,5.184344255572775
835,95.711,3.729122457502312
836,95.712,6.8688931454906115
837,95.713,5.783236969145021
838,95.714,3.0750228551610626
839,95.715,3.993637676009536
840,95.716,4.347994186015716
841,95.717,3.5307156390176333
842,95.718,7.698233329828134
843,95.719,3.7582210472793998
844,95.72,3.206145937940233
845,95.721,4.115523473725483
846,95.722,2.5256836192349756
847,95.723,8.157960560397814
848,95.724,2.606609343177354
849,95.725,4.809270595387475
850,95.726,0.5348541161766174
851,95.727,6.368236998936769
852,95.728,11.48976188342616
853,95.729,7.246879328904276
854,95.73,6.957572103026099
855,95.731,6.423877813419487
856,95.732,3.934150271510654
857,95.733,7.342913184264896
858,95.734,1.7213427791236795
859,95.735,0.8134752491107836
860,95.736,3.233395855332389
861,95.737,5.592106431197877
862,95.738,9.474320331614477
863,95.739,4.979944693781597
864,95.74,7.725095731566442
865,95.741,4.149209855260346
866,95.742,6.09677320639257
867,95.743,11.783615241523808
868,95.744,8.135022830643287
869,95.745,4.2854344090154335
870,95.746,3.6460821587977064
871,95.747,4.527677218884347
872,95.748,4.424749213197655
873,95.749,11.659917015862803
874,95.75,7.42975825959986
875,95.751,12.049589036916423
876,95.752,12.781163390782638
877,95.753,3.863799953493523
878,95.754,8.826072174024649
879,95.755,13.957190532573676
880,95.756,5.614262992731625
881,95.757,29.105105312043815
882,95.758,33.83318369052316
883,95.759,13.47198907631873
884,95.76,1.5005463429185564
885,95.761,1.1637832079550774
886,95.762,4.470999452896393
887,95.763,1.0852339082788653
888,95.764,7.153580844290457
889,95.765,11.256816858445974
890,95.766,8.20989417317178
891,95.767,8.282165789010365
892,95.768,6.706291520942013
893,95.769,6.7792150489589815
894,95.77,11.571649908215148
895,95.771,9.773582682871915
896,95.772,5.518016316775153
897,95.773,11.404329695305531
898,95.774,7.684658743424644
899,95.775,10.001676933551751
900,95.776,10.305847741348304
901,95.777,6.6793379865531195
902,95.778,3.1410808184761496
903,95.779,8.92749375058639
904,95.78,8.780418530849952
905,95.781,4.87443340483347
906,95.782,7.92287730643597
907,95.783,2.439636487281289
908,95.784,4.643708986064717
909,95.785,3.9690175884463863
910,95.786,10.124116670237129
911,95.787,3.5863816550589296
912,95.788,20.24761587133875
913,95.789,7.078491212202282
914,95.79,3.809643985548084
915,95.791,7.848967667143726
916,95.792,9.756852110638068
917,95.793,1.4930104855049533
918,95.794,3.603556065795896
919,95.795,4.554012801083908
920,95.796,7.568377721504424
921,95.797,1.7566361380729345
922,95.798,12.162243095257047
923,95.799,6.656655897122825
924,95.8,4.0913835732091535
925,95.801,13.448013984102227
926,95.802,5.7879674831683285
927,95.803,10.835556389377722
928,95.804,9.292427406855786
929,95.805,12.401663008159078
930,95.806,3.4403624243407704
931,95.807,15.853026495038261
932,95.808,6.8734054569128125
933,95.809,11.962449624752521
934,95.81,14.989467543086228
935,95.811,11.393217771654244
936,95.812,6.17906799671989
937,95.813,4.257281707504889
938,95.814,3.5383528780405893
939,95.815,5.829140202205884
940,95.816,10.72846552977085
941,95.817,15.856788939153807
942,95.818,20.856660120738848
943,95.819,6.1169720188561625
944,95.82,10.462013456374194
945,95.821,22.358323850458678
946,95.822,15.662279823231852
947,95.823,15.470104406348657
948,95.824,10.068695737307081
949,95.825,18.115063975177623
950,95.826,9.560369114106251
951,95.827,21.32240571364724
952,95.828,12.959529645818062
953,95.829,29.117992068141866
954,95.83,6.469587494692284
955,95.831,10.402676267580857
956,95.832,18.92761181892752
957,95.833,10.298067152169809
958,95.834,15.895200092291832
959,95.835,8.94334342760284
960,95.836,17.463697074110662
961,95.837,19.47755298195399
962,95.838,47.386735368861586
963,95.839,41.72301093097459
964,95.84,33.06044833677653
965,95.841,36.99359881895684
966,95.842,15.786978341001705
967,95.843,43.39274150508808
968,95.844,25.870174443778264
969,95.845,4.020698944313298
970,95.846,8.813363927938587
971,95.847,46.81037422368478
972,95.848,16.906654767561278
973,95.849,24.746962393349676
974,95.85,31.251610698557556
975,95.851,14.235177402151859
976,95.852,40.2107237014166
977,95.853,5.588258880990442
978,95.854,32.896912880785685
979,95.855,12.812726534559424
980,95.856,33.80040353043274
981,95.857,36.90951503243897
982,95.858,50.76157652190745
983,95.859,26.017196122133623
984,95.86,13.017865032281712
985,95.861,32.96922443115363
986,95.862,16.35703890780018
987,95.863,22.47807590134131
988,95.864,2.675226521073095
989,95.865,52.15697024965677
990,95.866,48.34379439884465
991,95.867,35.534951631358005
992,95.868,32.27918610882823
993,95.869,23.253722592288458
994,95.87,95.10052416466708
995,95.871,36.64320929045062
996,95.872,80.6741434881008
997,95.873,30.188788203075127
998,95.874,56.90689738495232
999,95.875,40.276875335309164
1000,95.876,158.98710216355354
1001,95.877,185.64367987295495
1002,95.878,173.20877446632906
1003,95.879,61.80126532696222
1004,95.88,205.41779701703672
1005,95.881,105.90796249636617
1006,95.882,198.89114327696453
1007,95.883,224.95473013491892
1008,95.884,47.75181465342895
1009,95.885,156.60771555351857
1010,95.886,168.65206260415255
1011,95.887,251.63524471350925
1012,95.888,195.7818558587144
1013,95.889,224.94792389709093
1014,95.89,124.77824648489174
1015,95.891,363.6995505700321
1016,95.892,186.98991947139788
1017,95.893,352.4147838696541
1018,95.894,246.4823094000412
1019,95.895,534.0758602491105
1020,95.896,544.4645216667536
1021,95.897,803.4591422068295
1022,95.898,789.1232498937557
1023,95.899,677.0092318196007
1024,95.9,277.95527303879857
1025,95.901,722.0573523609644
1026,95.902,604.2951255466587
1027,95.903,413.4078723856075
1028,95.904,428.7705434486301
1029,95.905,421.43473562601815
1030,95.906,82.91809739790656
1031,95.907,117.95871491056091
1032,95.908,251.0825944237032
1033,95.909,219.36987762084047
1034,95.91,56.63408998027237
1035,95.911,67.18909489279214
1036,95.912,115.29316738424522
1037,95.913,149.83313244405315
1038,95.914,170.06178349528133
1039,95.915,110.34932298566508
1040,95.916,118.63274961763763
1041,95.917,145.5407982597282
1042,95.918,63.79719457899075
1043,95.919,149.71198049836244
1044,95.92,168.41355544516378
1045,95.921,34.93315697900385
1046,95.922,96.3485321734319
1047,95.923,136.73608795053403
1048,95.924,122.98653459481211
1049,95.925,49.16942299104924
1050,95.926,18.34676508991922
1051,95.927,94.46433391712537
1052,95.928,54.876993475685865
1053,95.929,32.167316829319056
1054,95.93,26.866211419493034
1055,95.931,30.917491133274705
1056,95.932,52.227584108670015
1057,95.933,25.975898256203457
1058,95.934,32.58494323098123
1059,95.935,31.361486224254126
1060,95.936,50.69832354932234
1061,95.937,19.995806900598314
1062,95.938,77.75350883106782
1063,95.939,16.847681733863585
1064,95.94,46.18647395061578
1065,95.941,32.68806269099809
1066,95.942,33.578969594321684
1067,95.943,14.573967799044699
1068,95.944,28.270360911538976
1069,95.945,15.675966267736746
1070,95.946,18.50709411709455
1071,95.947,12.49696584730278
1072,95.948,21.650944392575546
1073,95.949,19.028433382936136
1074,95.95,25.584598862387256
1075,95.951,32.19003734736295
1076,95.952,9.730436709650968
1077,95.953,33.57792592505113
1078,95.954,54.31749662551164
1079,95.955,19.9649883336953
1080,95.956,34.825199237457795
1081,95.957,20.242483487158815
1082,95.958,30.36470273512221
1083,95.959,21.054548691556263
1084,95.96,5.564442197320894
1085,95.961,20.021777605927518
1086,95.962,36.74272575825665
1087,95.963,16.15124010672802
1088,95.964,8.109789583334203
1089,95.965,16.494613623851166
1090,95.966,10.988599429343346
1091,95.967,11.943485736939568
1092,95.968,10.68574963113273
1093,95.969,8.408815164881279
1094,95.97,13.030803750960798
1095,95.971,9.97237888033104
1096,95.972,9.174967817115881
1097,95.973,14.48229652014589
1098,95.974,14.447654213911013
1099,95.975,4.0243259828407565
1100,95.976,6.7211052161405185
1101,95.977,7.140728637704367
1102,95.978,10.082423384170935
1103,95.979,7.6326320948017194
1104,95.98,13.329903497751284
1105,95.981,11.83375180885133
1106,95.982,6.776648716859817
1107,95.983,17.708878246819456
1108,95.984,14.417450158847831
1109,95.985,4.800975256339278
1110,95.986,11.855352358929043
1111,95.987,2.7340649037054825
1112,95.988,18.01779256496777
1113,95.989,18.47107048798125
1114,95.99,16.051826717416056
1115,95.991,6.73075345546663
1116,95.992,8.397794000017548
1117,95.993,4.109776575013143
1118,95.994,6.530144409658938
1119,95.995,6.845684684875317
1120,95.996,13.288267330865882
1121,95.997,1.5529057377114739
1122,95.998,14.331005241177785
1123,95.999,2.0979629524823675
1124,96.0,6.747298295848829
1125,96.001,10.586346318347069
1126,96.002,10.560718675641523
1127,96.003,11.154205968480962
1128,96.004,9.620478196970781
1129,96.005,14.295726996349979
1130,96.006,7.620332650826144
1131,96.007,13.035887704317254
1132,96.008,6.538160505077377
1133,96.009,6.811873985283395
1134,96.01,9.35564744217202
1135,96.011,12.04291517890768
1136,96.012,5.165014215050993
1137,96.013,6.080117991754629
1138,96.014,4.319251653160969
1139,96.015,4.479795675354388
1140,96.016,8.379861089077764
1141,96.017,5.9613582335957895
1142,96.018,5.992872053526296
1143,96.019,4.528955900010218
1144,96.02,9.859518461607413
1145,96.021,4.014724964658195
1146,96.022,5.93712565414232
1147,96.023,3.9233268179974594
1148,96.024,10.912913652300938
1149,96.025,3.040453360604562
1150,96.026,4.074422091378508
1151,96.027,5.5146864061099
1152,96.028,7.633565729385742
1153,96.029,6.037803544256213
1154,96.03,3.4819571645589305
1155,96.031,7.203904838425957
1156,96.032,5.308899407531392
1157,96.033,9.485950497165701
1158,96.034,4.973712190871802
1159,96.035,15.851785306151106
1160,96.036,9.29969044202252
1161,96.037,19.196103742814167
1162,96.038,8.535645727316812
1163,96.039,5.439630192922673
1164,96.04,19.510591791947537
1165,96.041,9.433903564662051
1166,96.042,14.780897719489179
1167,96.043,5.822065892960211
1168,96.044,1.468189202688147
1169,96.045,4.3252705816532115
1170,96.046,5.993567342292488
1171,96.047,12.702503145288935
1172,96.048,10.081955711042026
1173,96.049,4.901450718412881
1174,96.05,14.057861691350972
1175,96.051,8.77586901205778
1176,96.052,5.398067970838412
1177,96.053,4.121486722236383
1178,96.054,10.994234123611706
1179,96.055,3.7999944475375944
1180,96.056,3.39618044366747
1181,96.057,7.3843588014106585
1182,96.058,1.7776976546489356
1183,96.059,5.813597386003953
1184,96.06,3.8161542820073757
1185,96.061,7.91965803084178
1186,96.062,4.05521001772099
1187,96.063,22.023791384371858
1188,96.064,4.245303970489048
1189,96.065,3.9596884119944042
1190,96.066,6.412492379715206
1191,96.067,4.033443407455214
1192,96.068,10.8371049604753
1193,96.069,7.560044421059254
1194,96.07,10.107776334831497
1195,96.071,3.9401294780328353
1196,96.072,1.5428583033314434
1197,96.073,2.619629457126166
1198,96.074,4.586827636893699
1199,96.075,2.1933861695843975
1200,96.076,2.1088365853523223
1201,96.077,5.0641983484667925
1202,96.078,6.263051300754766
1203,96.079,7.793898002057391
1204,96.08,5.486321732296399
1205,96.081,5.109210053685309
1206,96.082,4.8396027734755895
1207,96.083,4.000607322475341
1208,96.084,5.389405403910885
1209,96.085,5.660175465935602
1210,96.086,5.322507867886677
1211,96.087,2.7530594891920366
1212,96.088,2.9670558465723964
1213,96.089,2.516527813288112
1214,96.09,5.926362829610996
1215,96.091,10.121005367840732
1216,96.092,2.865931432965693
1217,96.093,7.929948019830203
1218,96.094,7.134197021396733
1219,96.095,6.9733987062011495
1220,96.096,4.9151461752798795
1221,96.097,5.597859906753564
1222,96.098,4.349697101564057
1223,96.099,2.279020769382045
1224,96.1,9.575569158031085
1225,96.101,7.8923641226651755
1226,96.102,8.379583784749489
1227,96.103,4.619878930096897
1228,96.104,9.374146191537433
1229,96.105,7.035524250799219
1230,96.106,4.039880664467441
1231,96.107,5.751767579392323
1232,96.108,6.420425433013334
1233,96.109,4.547730317342094
1234,96.11,5.5009423277469
1235,96.111,8.746311331052613
1236,96.112,7.575405131961903
1237,96.113,1.6497858629757727
1238,96.114,3.8190147378085753
1239,96.115,7.587265435264979
1240,96.116,3.151358954437475
1241,96.117,7.199769516473049
1242,96.118,1.6149821086886442
1243,96.119,4.5059126521279635
1244,96.12,3.4495333980951206
1245,96.121,8.765718863528722
1246,96.122,4.803593248778922
1247,96.123,6.572523264071216
1248,96.124,23.21518811889736
1249,96.125,2.689591090129944
1250,96.126,6.336739697856776
1251,96.127,3.5613027008448572
1252,96.128,5.972781692999687
1253,96.129,6.25656873747
1254,96.13,4.929869675204012
1255,96.131,8.2042649346763
1256,96.132,5.74184739261001
1257,96.133,4.717677578838743
1258,96.134,3.7653022298383396
1259,96.135,3.016911506893936
1260,96.136,6.996951801512663
1261,96.137,4.2276680969559814
1262,96.138,4.0654870529896145
1263,96.139,12.657980756435844
1264,96.14,4.166633896355521
1265,96.141,8.531993634434716
1266,96.142,6.275732066931801
1267,96.143,3.6292476962671505
1268,96.144,5.720629399027431
1269,96.145,4.261459302064754
1270,96.146,6.898185367257782
1271,96.147,6.824390555999414
1272,96.148,3.140788921145591
1273,96.149,5.504439671156747
1274,96.15,6.356716555224531
1275,96.151,3.8881238144746124
1276,96.152,8.985458251103056
1277,96.153,6.0017252089281445
1278,96.154,5.775593583423128
1279,96.155,8.675336629660512
1280,96.156,5.995399906769854
1281,96.157,6.447625384038752
1282,96.158,6.095277217896236
1283,96.159,6.882892819216132
1284,96.16,5.954914316196571
1285,96.161,5.254603082172058
1286,96.162,8.927041563035658
1287,96.163,4.290150639926212
1288,96.164,1.4474411037200672
1289,96.165,6.650521992433435
1290,96.166,1.915642828681604
1291,96.167,1.691810177128745
1292,96.168,7.599333795431799
1293,96.169,8.735426015823183
1294,96.17,3.5820442917059636
1295,96.171,11.155807902426664
1296,96.172,4.1903915053176
1297,96.173,7.170836052501943
1298,96.174,3.785978170778876
1299,96.175,2.1295857284226227
1300,96.176,0.699273310709565
1301,96.177,8.182607768543223
1302,96.178,0.37217175705643996
1303,96.179,1.449033956874005
1304,96.18,7.32087423447469
1305,96.181,6.665920979455959
1306,96.182,4.411270404487743
1307,96.183,9.64256703278976
1308,96.184,5.288162321541868
1309,96.185,14.00687870487577
1310,96.186,5.2650261008176535
1311,96.187,5.255226158744923
1312,96.188,5.1638800465357
1313,96.189,5.597494033443106
1314,96.19,3.0396333110700797
1315,96.191,8.032259622965206
1316,96.192,3.075440057213103
1317,96.193,4.649995249780213
1318,96.194,5.000550705122824
1319,96.195,3.7718912818970893
1320,96.196,2.6984596816815865
1321,96.197,5.309550173363004
1322,96.198,4.717989948608336
1323,96.199,7.923955029120656
1324,96.2,7.769703486995229
1325,96.201,6.321370441512078
1326,96.202,6.819141986509856
1327,96.203,1.5946419071151756
1328,96.204,5.6539383706157205
1329,96.205,7.794257807209109
1330,96.206,6.898363000941865
1331,96.207,1.0076408450109928
1332,96.208,5.460160082090159
1333,96.209,0.909611870400833
1334,96.21,6.445989746646175
1335,96.211,2.5149732025334557
1336,96.212,7.1025594107102235
1337,96.213,0.48126379490619353
1338,96.214,3.950973614195805
1339,96.215,4.717718843817039
1340,96.216,5.858529924135249
1341,96.217,1.6478433261390806
1342,96.218,3.693553104364345
1343,96.219,5.4030817334329955
1344,96.22,6.420263408848297
1345,96.221,4.117088904908101
1346,96.222,5.125088085953107
1347,96.223,1.1667954950793782
1348,96.224,7.543695027705559
1349,96.225,5.928978432711246
1350,96.226,1.0975832163204706
1351,96.227,5.7535235037657895
1352,96.228,3.1902099886029998
1353,96.229,4.623436847285278
1354,96.23,1.5209806136700015
1355,96.231,3.3371908305250986
1356,96.232,4.503339347228701
1357,96.233,3.105070201386186
1358,96.234,3.614293976954767
1359,96.235,10.094364696335628
1360,96.236,2.4358750400026015
1361,96.237,5.749538869680457
1362,96.238,8.136992704186978
1363,96.239,2.6183417098234445
1364,96.24,10.40614298527295
1365,96.241,10.827650060773404
1366,96.242,9.572996202166888
1367,96.243,6.9509131145570455
1368,96.244,4.721026969792988
1369,96.245,8.227001849604669
1370,96.246,15.697085762377133
1371,96.247,11.772949859709986
1372,96.248,5.0402430499810995
1373,96.249,8.114343382209317
1374,96.25,8.628860972848333
1375,96.251,2.0678302418162535
1376,96.252,6.740330271849067
1377,96.253,4.872624140685131
1378,96.254,12.051918890880007
1379,96.255,5.109552040804384
1380,96.256,3.983965974010783
1381,96.257,3.1511123742165985
1382,96.258,7.898314726072701
1383,96.259,8.815879392720253
1384,96.26,6.752264699500409
1385,96.261,13.427038638039356
1386,96.262,10.23917246641842
1387,96.263,1.8411938236463263
1388,96.264,11.037713143721723
1389,96.265,3.366295833495528
1390,96.266,1.998365712703917
1391,96.267,3.2767207759256647
1392,96.268,6.388246295345508
1393,96.269,20.574527627223954
1394,96.27,6.367544260891528
1395,96.271,11.419467067895795
1396,96.272,2.8367697006639894
1397,96.273,3.879181592148865
1398,96.274,10.393058612395947
1399,96.275,12.22682873937674
1400,96.276,10.065029682572915
1401,96.277,4.891717037300716
1402,96.278,3.4844816152442366
1403,96.279,4.365200108029693
1404,96.28,19.439776821728177
1405,96.281,34.90032068532986
1406,96.282,3.9953048299446445
1407,96.283,10.661160882370911
1408,96.284,5.680069499772444
1409,96.285,9.37863951104118
1410,96.286,9.77252752309087
1411,96.287,11.53428040371386
1412,96.288,24.379980734173223
1413,96.289,8.28225631717085
1414,96.29,11.520166221903303
1415,96.291,1.9164188167653153
1416,96.292,13.528460220940747
1417,96.293,6.656692682218646
1418,96.294,15.73607830565027
1419,96.295,9.345010846166867
1420,96.296,12.741198055425656
1421,96.297,14.704977975867962
1422,96.298,12.491940335814915
1423,96.299,5.887119941851402
1424,96.3,40.97471931007741
1425,96.301,2.850246990503452
1426,96.302,3.3108158398262035
1427,96.303,2.983740224671857
1428,96.304,5.844874502964063
1429,96.305,29.68049853061224
1430,96.306,21.26501032510584
1431,96.307,47.757099566725266
1432,96.308,14.171115749130072
1433,96.309,13.605385633123957
1434,96.31,8.439809189219401
1435,96.311,11.19254163508713
1436,96.312,43.64935315771222
1437,96.313,11.443385529476382
1438,96.314,37.407764860347
1439,96.315,8.233941281761764
1440,96.316,5.9004976362418455
1441,96.317,16.146444378272577
1442,96.318,26.9867090932853
1443,96.319,15.787067830772703
1444,96.32,22.790997229259762
1445,96.321,21.52779933934869
1446,96.322,11.416914714237734
1447,96.323,19.47658476759629
1448,96.324,15.931567937097984
1449,96.325,23.653370563179685
1450,96.326,6.779447415509023
1451,96.327,22.872682322470453
1452,96.328,14.601076404721999
1453,96.329,12.076394916375596
1454,96.33,9.425814758081875
1455,96.331,6.200487407356385
1456,96.332,13.346691422871992
1457,96.333,11.608441098087843
1458,96.334,13.611217984141874
1459,96.335,16.577191751565273
1460,96.336,16.045428685158914
1461,96.337,24.00605012588157
1462,96.338,10.656076025182836
1463,96.339,22.594330232101573
1464,96.34,6.707097992253317
1465,96.341,14.59982804443577
1466,96.342,12.434844678684431
1467,96.343,21.640519920174867
1468,96.344,12.780784968528764
1469,96.345,9.721600089758539
1470,96.346,8.950892411975103
1471,96.347,13.366921964991704
1472,96.348,8.135243116547054
1473,96.349,14.440201608076201
1474,96.35,2.3736582618922744
1475,96.351,10.002471181433659
1476,96.352,3.46091749099567
1477,96.353,6.834479688400547
1478,96.354,2.7683792379242105
1479,96.355,12.135821868511426
1480,96.356,9.88058259872222
1481,96.357,16.772019030236955
1482,96.358,4.188230893373733
1483,96.359,6.485748057800909
1484,96.36,7.837879716870455
1485,96.361,15.317859288484051
1486,96.362,7.897724859050896
1487,96.363,12.046765130740917
1488,96.364,7.197277255985904
1489,96.365,4.886742537138018
1490,96.366,5.713802537423272
1491,96.367,9.700679070050798
1492,96.368,33.29302994708559
1493,96.369,11.551120339515716
1494,96.37,2.524579374725515
1495,96.371,9.970197751534895
1496,96.372,8.346159921897069
1497,96.373,2.8293515404805483
1498,96.374,11.214789815875548
1499,96.375,6.535014450432273
1500,96.376,6.511490478142327
1501,96.377,3.7376261062653264
1502,96.378,10.018155382644089
1503,96.379,1.421274913400468
1504,96.38,11.81535181931641
1505,96.381,6.446401208965955
1506,96.382,2.222362895313606
1507,96.383,2.693396178050184
1508,96.384,4.452001476073423
1509,96.385,4.640925966881849
1510,96.386,4.410301558444651
1511,96.387,4.818523678782815
1512,96.388,5.921008006881882
1513,96.389,2.533842402620841
1514,96.39,2.040381775962897
1515,96.391,0.9524447444006078
1516,96.392,0.7115579491655902
1517,96.393,6.405425711546223
1518,96.394,8.739712903192435
1519,96.395,1.5130288815767772
1520,96.396,7.674745343717518
1521,96.397,5.946985995655036
1522,96.398,5.087064112185444
1523,96.399,9.59896656022335
1524,96.4,1.4515026277178698
1525,96.401,4.279425753636809
1526,96.402,4.608490314435336
1527,96.403,2.2723900070234233
1528,96.404,2.9004049525347715
1529,96.405,5.47979431103415
1530,96.406,3.1626630664905915
1531,96.407,5.812169816137333
1532,96.408,2.4073845145584203
1533,96.409,6.709103036174524
1534,96.41,6.40066691098342
1535,96.411,1.878722715259083
1536,96.412,2.540135347122142
1537,96.413,6.724484710911958
1538,96.414,5.729736297843615
1539,96.415,12.28914276224562
1540,96.416,8.164825337698883
1541,96.417,6.306211252304385
1542,96.418,6.2107673083932085
1543,96.419,4.085327989166407
1544,96.42,0.9229959663529991
1545,96.421,2.275097862229306
1546,96.422,5.888030963005815
1547,96.423,5.415898993414671
1548,96.424,3.192106303462117
1549,96.425,5.252979948511058
1550,96.426,6.341372931660386
1551,96.427,7.884419486450138
1552,96.428,12.920878180299745
1553,96.429,31.887354607776544
1554,96.43,11.93461033612187
1555,96.431,8.966604792624837
1556,96.432,8.33930918575587
1557,96.433,12.421467836217351
1558,96.434,7.111848658566919
1559,96.435,2.8124302957351492
1560,96.436,5.25131224338657
1561,96.437,9.133730686005041
1562,96.438,6.3433971841528995
1563,96.439,3.1770622434078084
1564,96.44,3.349356980241818
1565,96.441,1.6336569143106026
1566,96.442,5.969875276122504
1567,96.443,5.903278654890836
1568,96.444,9.288836646374454
1569,96.445,5.809539955348158
1570,96.446,1.6190116991327772
1571,96.447,8.417858564742472
1572,96.448,5.383289532359253
1573,96.449,1.6973039381556285
1574,96.45,3.301022103509771
1575,96.451,7.510362295015356
1576,96.452,6.83656077808084
1577,96.453,4.924492439819509
1578,96.454,2.015207698719868
1579,96.455,2.868652311850061
1580,96.456,6.084743670055569
1581,96.457,5.820199471533858
1582,96.458,7.395969292865501
1583,96.459,3.126543222892751
1584,96.46,3.2127606355285017
1585,96.461,6.9069158232720005
1586,96.462,11.243997128923288
1587,96.463,3.69824474726078
1588,96.464,9.167777118312832
1589,96.465,8.858231345978703
1590,96.466,5.362572334389085
1591,96.467,5.283043579793415
1592,96.468,5.3104279548850695
1593,96.469,4.52325904096169
1594,96.47,2.3201806002145586
1595,96.471,7.6174646582234695
1596,96.472,6.064102137520058
1597,96.473,2.3966214352175745
1598,96.474,8.508873624870699
1599,96.475,6.8154317643069575
1600,96.476,6.453599530116511
1601,96.477,8.847480046280744
1602,96.478,7.873901211327037
1603,96.479,8.46330042632294
1604,96.48,5.815603529280607
1605,96.481,2.182195851409366
1606,96.482,7.38794017505945
1607,96.483,1.169393194343372
1608,96.484,6.316989531663779
1609,96.485,2.8932750975419754
1610,96.486,1.1873890787691601
1611,96.487,6.226820312447027
1612,96.488,6.176086478096786
1613,96.489,4.6220016182738615
1614,96.49,20.775571839328787
1615,96.491,9.984952138091025
1616,96.492,6.0909485269169945
1617,96.493,13.670668766141523
1618,96.494,3.4478161918560346
1619,96.495,7.411051045407711
1620,96.496,2.1967935860054335
1621,96.497,3.674115593619283
1622,96.498,1.9062268523517174
1623,96.499,0.8990728522199326
1624,96.5,4.735623621718146
1625,96.501,2.7193202258118245
1626,96.502,4.703456729877664
1627,96.503,3.41527618895368
1628,96.504,0.9048414179972052
1629,96.505,1.3996971667434936
1630,96.506,4.313620662117031
1631,96.507,5.140677887991926
1632,96.508,2.2469875759626943
1633,96.509,3.854628641742322
1634,96.51,2.13226422625221
1635,96.511,7.775095372383851
1636,96.512,4.434289561249826
1637,96.513,7.58038110775674
1638,96.514,10.720172675476592
1639,96.515,8.723626126743962
1640,96.516,5.011365823718235
1641,96.517,2.305271509523206
1642,96.518,2.426049321571257
1643,96.519,5.386129357620458
1644,96.52,2.220636622459011
1645,96.521,5.483252892288613
1646,96.522,2.6061423746318173
1647,96.523,2.408057681680002
1648,96.524,6.962094752306464
1649,96.525,2.3925658148518534
1650,96.526,3.297349106551244
1651,96.527,2.0086698903586875
1652,96.528,3.057941821262365
1653,96.529,4.7243199076504965
1654,96.53,2.772986934528782
1655,96.531,2.811615209642481
1656,96.532,5.393745478478918
1657,96.533,0.7750520333590825
1658,96.534,9.852347620539044
1659,96.535,4.65722258643124
1660,96.536,5.610462269329015
1661,96.537,2.1304802868318093
1662,96.538,7.98040828237247
1663,96.539,2.5883380213881253
1664,96.54,3.773406365395838
1665,96.541,3.2968545556202344
1666,96.542,4.582263050664214
1667,96.543,2.850219853542889
1668,96.544,5.114615026619693
1669,96.545,4.723550003729392
1670,96.546,6.234699466000217
1671,96.547,2.902165829200356
1672,96.548,5.352339622105692
1673,96.549,13.846749408976368
1674,96.55,2.190956817987888
1675,96.551,19.432964699383
1676,96.552,19.424360576704657
1677,96.553,6.611807284419392
1678,96.554,11.154727058156997
1679,96.555,6.828901518482646
1680,96.556,8.508034967363601
1681,96.557,7.91768759573329
1682,96.558,4.016434883788454
1683,96.559,5.061274692274562
1684,96.56,8.021554208374857
1685,96.561,6.166182245430916
1686,96.562,6.15122527172813
1687,96.563,2.0475268022108044
1688,96.564,5.53027015848622
1689,96.565,4.470825666768241
1690,96.566,5.942982765088246
1691,96.567,6.340490095205681
1692,96.568,8.917438147117547
1693,96.569,3.4952340324252096
1694,96.57,6.13608142995125
1695,96.571,1.187053073918833
1696,96.572,5.348701543250722
1697,96.573,2.5166829610393857
1698,96.574,6.826750977188914
1699,96.575,7.162779120329891
1700,96.576,3.248102659152048
1701,96.577,0.8548275152442955
1702,96.578,5.302348607939223
1703,96.579,9.035990721057749
1704,96.58,12.472675081700428
1705,96.581,7.4004960094314844
1706,96.582,7.758293085770997
1707,96.583,2.3120565212515003
1708,96.584,0.5058745224546938
1709,96.585,11.10459793166253
1710,96.586,8.730527289098216
1711,96.587,3.26643570408671
1712,96.588,9.08873060696885
1713,96.589,4.135692341801165
1714,96.59,4.487645616681198
1715,96.591,2.122742850898116
1716,96.592,6.389754444658558
1717,96.593,6.846641530257989
1718,96.594,5.98275921208127
1719,96.595,9.342869623780862
1720,96.596,5.147109744513583
1721,96.597,6.431647501158677
1722,96.598,11.842457372934284
1723,96.599,3.6384129152456164
1724,96.6,3.3165104054311723
1725,96.601,2.964442622499807
1726,96.602,6.174237108002045
1727,96.603,1.351026342322341
1728,96.604,6.789576238101465
1729,96.605,7.008273191203788
1730,96.606,9.394520627401466
1731,96.607,6.099200572790988
1732,96.608,1.1965225751085498
1733,96.609,3.795823712680348
1734,96.61,4.642562777398538
1735,96.611,10.767433748806262
1736,96.612,22.025182132531732
1737,96.613,1.6512290323631988
1738,96.614,7.662874902645378
1739,96.615,7.671932513192083
1740,96.616,6.24413412822029
1741,96.617,9.296420412824746
1742,96.618,2.621004851712903
1743,96.619,4.3863513259416225
1744,96.62,3.634918479109819
1745,96.621,6.517454366694472
1746,96.622,3.4511287122561742
1747,96.623,6.128530796748527
1748,96.624,8.22339847639358
1749,96.625,1.8446503077622582
1750,96.626,2.7634535513746696
1751,96.627,4.203692126499807
1752,96.628,2.5300644968865553
1753,96.629,6.281970697266444
1754,96.63,4.553809682871943
1755,96.631,3.466853857801188
1756,96.632,5.24023584063251
1757,96.633,0.8286102587979909
1758,96.634,10.240358336161938
1759,96.635,6.722795941054635
1760,96.636,0.5400092698856673
1761,96.637,6.186446689793358
1762,96.638,5.63125383147925
1763,96.639,12.374206815378813
1764,96.64,5.716242833049727
1765,96.641,9.3135926768526
1766,96.642,11.866803917117199
1767,96.643,25.893323371464515
1768,96.644,6.252706493204315
1769,96.645,11.467221003117983
1770,96.646,5.446474315519024
1771,96.647,19.132808594698655
1772,96.648,7.184701323691006
1773,96.649,2.532035190045821
1774,96.65,4.418499754661496
1775,96.651,13.213805907656065
1776,96.652,9.044043137511713
1777,96.653,12.534477746700187
1778,96.654,5.88688178070643
1779,96.655,10.891152609593698
1780,96.656,7.086566566383273
1781,96.657,4.658972670029794
1782,96.658,10.983639280850005
1783,96.659,22.358767433860415
1784,96.66,12.0815252960419
1785,96.661,10.464260132082211
1786,96.662,17.752618738740058
1787,96.663,17.73210436860788
1788,96.664,9.380533207862232
1789,96.665,6.003798089839981
1790,96.666,4.716499987428192
1791,96.667,23.818230566811824
1792,96.668,8.706384979563857
1793,96.669,2.2489310820349564
1794,96.67,3.6904449702147555
1795,96.671,12.347498250892935
1796,96.672,12.985968792477124
1797,96.673,18.309763681525286
1798,96.674,18.028480056663746
1799,96.675,12.628033170056675
1800,96.676,12.669729188902302
1801,96.677,9.726927843777311
1802,96.678,5.633389375439326
1803,96.679,24.31780356014109
1804,96.68,7.8552209675219045
1805,96.681,26.288670431153033
1806,96.682,3.0507855313302783
1807,96.683,17.510413251969887
1808,96.684,13.307574238742124
1809,96.685,17.55514173133915
1810,96.686,16.46664746797893
1811,96.687,20.572292320185035
1812,96.688,11.99496567624855
1813,96.689,5.913959214355902
1814,96.69,23.311062572941196
1815,96.691,13.212314330515134
1816,96.692,24.320215349163743
1817,96.693,28.098625034574795
1818,96.694,13.763358387071094
1819,96.695,31.394532941117617
1820,96.696,32.131013068997966
1821,96.697,26.633367735367475
1822,96.698,26.544798460588858
1823,96.699,13.054253493299615
1824,96.7,24.8631358363068
1825,96.701,18.897366108817582
1826,96.702,17.646805922594922
1827,96.703,19.528014923224404
1828,96.704,14.134085696218456
1829,96.705,17.56512257394527
1830,96.706,22.98713906121355
1831,96.707,22.188393572020534
1832,96.708,6.726412245362441
1833,96.709,8.891908109851364
1834,96.71,54.06210358759037
1835,96.711,22.347716111272053
1836,96.712,28.106860828199196
1837,96.713,21.861860094738606
1838,96.714,10.220376511311823
1839,96.715,41.49288523726802
1840,96.716,39.88993302826955
1841,96.717,10.381243036124241
1842,96.718,35.01097263715064
1843,96.719,16.283775333313237
1844,96.72,39.369989859342596
1845,96.721,27.395230640167174
1846,96.722,26.193037037498
1847,96.723,38.877417211764424
1848,96.724,14.767993391219376
1849,96.725,39.88569066305455
1850,96.726,3.9195177371779764
1851,96.727,12.5258131849849
1852,96.728,39.25043655802013
1853,96.729,53.245679874757585
1854,96.73,10.53447696536317
1855,96.731,36.30595743262485
1856,96.732,21.098367972703137
1857,96.733,20.98994541570802
1858,96.734,7.339002467184409
1859,96.735,30.033261798249203
1860,96.736,54.32402505787915
1861,96.737,1.0057078090162206
1862,96.738,25.94066127530681
1863,96.739,42.538294000919144
1864,96.74,42.71481162213246
1865,96.741,50.23373076032094
1866,96.742,38.195703724686254
1867,96.743,20.72314777270291
1868,96.744,5.869817434162068
1869,96.745,16.692862989280542
1870,96.746,28.428625028486547
1871,96.747,28.397610061752683
1872,96.748,22.43963371099709
1873,96.749,24.50786169129632
1874,96.75,28.181587641237215
1875,96.751,17.77879844693518
1876,96.752,12.60779242018994
1877,96.753,21.417514026886185
1878,96.754,22.315695845521685
1879,96.755,21.891866490827844
1880,96.756,22.087656637904864
1881,96.757,17.747251989563594
1882,96.758,31.48680780463342
1883,96.759,38.51500566257735
1884,96.76,20.613377461391803
1885,96.761,12.076367720287532
1886,96.762,4.982512756323493
1887,96.763,27.950473775155878
1888,96.764,7.578830556711535
1889,96.765,7.9475025594467175
1890,96.766,19.07582305343192
1891,96.767,10.44498463564479
1892,96.768,5.268696642628891
1893,96.769,10.954275582609641
1894,96.77,8.919562891514401
1895,96.771,4.023102760744244
1896,96.772,12.884740741446421
1897,96.773,7.312178728084239
1898,96.774,9.4222785224567
1899,96.775,12.100155658459862
1900,96.776,8.943557454903596
1901,96.777,12.164657362533537
1902,96.778,12.367891989935323
1903,96.779,12.082304290098232
1904,96.78,5.017615840476013
1905,96.781,7.042969082002308
1906,96.782,11.690616568943184
1907,96.783,4.301243794074834
1908,96.784,6.677864838263951
1909,96.785,9.885700131539362
1910,96.786,7.089493444187652
1911,96.787,4.223821981176951
1912,96.788,3.5327015779695583
1913,96.789,8.398987746896157
1914,96.79,2.8331829974772433
1915,96.791,5.8343934964266815
1916,96.792,4.483288786047869
1917,96.793,4.790514430638599
1918,96.794,3.07162743095795
1919,96.795,2.0177828436408003
1920,96.796,5.916240941172634
1921,96.797,4.696998638127899
1922,96.798,6.747812954381306
1923,96.799,5.5177946178398
1924,96.8,4.227496834934884
1925,96.801,4.270525040975327
1926,96.802,7.686704112286292
1927,96.803,2.939842006367571
1928,96.804,5.764841587548922
1929,96.805,0.6575439500934789
1930,96.806,5.9744865396594555
1931,96.807,1.4011256034059185
1932,96.808,3.7916700864704347
1933,96.809,2.9758247379935012
1934,96.81,3.9498032566979324
1935,96.811,3.8936425974002304
1936,96.812,0.45670920965054895
1937,96.813,2.9751839362385355
1938,96.814,7.1831402916010925
1939,96.815,3.8706460991557567
1940,96.816,1.300006961794977
1941,96.817,3.7676192623817526
1942,96.818,3.8605732071637457
1943,96.819,7.0746278844333315
1944,96.82,3.6600025786749386
1945,96.821,3.7275193593483054
1946,96.822,4.931743733946022
1947,96.823,3.573691962178941
1948,96.824,0.6317339312539723
1949,96.825,2.5809999945757722
1950,96.826,8.600638536818447
1951,96.827,2.88022081315995
1952,96.828,2.6636897263846455
1953,96.829,3.0413110655798623
1954,96.83,3.1922270784676945
1955,96.831,3.1539230561508296
1956,96.832,2.450338435265032
1957,96.833,5.154056450324671
1958,96.834,0.9072746586333543
1959,96.835,5.8240346575960915
1960,96.836,3.6994653700943783
1961,96.837,2.147423270639179
1962,96.838,3.0312436518071704
1963,96.839,3.6325934850012334
1964,96.84,2.8458826092103187
1965,96.841,3.4831339631179663
1966,96.842,3.9084382975084377
1967,96.843,1.4275725935089676
1968,96.844,6.04568926655721
1969,96.845,1.0378409457134263
1970,96.846,1.5006294551706516
1971,96.847,2.7801895885125507
1972,96.848,2.7925344058826753
1973,96.849,3.9717687711821084
1974,96.85,1.0310466669584037
1975,96.851,1.4953904862335996
1976,96.852,4.468289488904561
1977,96.853,1.1124441581829392
1978,96.854,2.1973234182125148
1979,96.855,2.21078224189828
1980,96.856,2.2434424285841055
1981,96.857,6.135027689597318
1982,96.858,3.305320227730419
1983,96.859,1.7907967168531003
1984,96.86,5.187836239958963
1985,96.861,5.010983906111682
1986,96.862,1.2602553107757521
1987,96.863,4.645882602361101
1988,96.864,3.3945737465648866
1989,96.865,3.6269541140715242
1990,96.866,3.5769546597515913
1991,96.867,1.4598429134098527
1992,96.868,4.052868246087963
1993,96.869,0.98465404041595
1994,96.87,2.5081627375651565
1995,96.871,2.131624889745552
1996,96.872,1.928409209150517
1997,96.873,4.179789227173646
1998,96.874,2.586609333740947
1999,96.875,4.696015162388197
2000,96.876,2.3485477848519274
2001,96.877,2.5707295541295974
2002,96.878,1.0466730780850306
2003,96.879,3.9878777117755297
2004,96.88,4.372473600326186
2005,96.881,2.2346605823056334
2006,96.882,3.4982655586071902
2007,96.883,6.157997548284928
2008,96.884,2.1745717888407787
2009,96.885,2.2752183243177067
2010,96.886,3.825334885462881
2011,96.887,5.76240664370222
2012,96.888,1.152005284272551
2013,96.889,5.940630317008432
2014,96.89,2.7631692263913448
2015,96.891,2.786671474410428
2016,96.892,2.9316428201318177
2017,96.893,2.0898692356487034
2018,96.894,0.4428460772923772
2019,96.895,2.516088641119186
2020,96.896,1.9574837010744053
2021,96.897,2.743623323516735
2022,96.898,0.15155790738490474
2023,96.899,2.1731342748286275
2024,96.9,3.372471518983068
2025,96.901,2.3361035855625576
2026,96.902,2.502966029313624
2027,96.903,5.950546108596836
2028,96.904,3.431465822554684
2029,96.905,1.9382318636286366
2030,96.906,4.481469069755923
2031,96.907,1.065634155466547
2032,96.908,3.0975153987933397
2033,96.909,7.291543152225034
2034,96.91,1.607307172790059
2035,96.911,6.7394094887352205
2036,96.912,2.1076989650440936
2037,96.913,1.621898237452057
2038,96.914,0.5118979332190797
2039,96.915,3.492977041231087
2040,96.916,2.1411683527256686
2041,96.917,1.4884300371034809
2042,96.918,1.910990371461898
2043,96.919,0.8951767420481165
2044,96.92,5.392536258518292
2045,96.921,6.495103619143143
2046,96.922,1.3248120411562565
2047,96.923,2.688913920206797
